depth,model,room,digest_lines,replan_g0,replan_g1,replan_g2,replan_g3,revise_tokens
1,gemma4:e4b,room_cluttered,6,709,752,795,838,318
5,gemma4:e4b,room_cluttered,6,765,808,851,894,487
10,gemma4:e4b,room_cluttered,6,845,888,931,974,695
15,gemma4:e4b,room_cluttered,6,907,950,993,1036,915
20,gemma4:e4b,room_cluttered,6,992,1035,1078,1121,1138
25,gemma4:e4b,room_cluttered,6,1057,1100,1143,1186,1358
30,gemma4:e4b,room_cluttered,6,1142,1185,1228,1271,1579
1,gemma4:e4b,room_loft,6,698,741,784,827,318
5,gemma4:e4b,room_loft,6,753,796,839,882,484
10,gemma4:e4b,room_loft,6,833,876,919,962,695
15,gemma4:e4b,room_loft,6,896,939,982,1025,913
20,gemma4:e4b,room_loft,6,979,1022,1065,1108,1133
25,gemma4:e4b,room_loft,6,1042,1085,1128,1171,1350
30,gemma4:e4b,room_loft,6,1127,1170,1213,1256,1570
1,gemma4:e4b,room_studio,6,669,712,755,798,318
5,gemma4:e4b,room_studio,6,725,768,811,854,484
10,gemma4:e4b,room_studio,6,805,848,891,934,696
15,gemma4:e4b,room_studio,6,869,912,955,998,916
20,gemma4:e4b,room_studio,6,951,994,1037,1080,1136
25,gemma4:e4b,room_studio,6,1017,1060,1103,1146,1356
30,gemma4:e4b,room_studio,6,1100,1143,1186,1229,1576
1,gemma4:e4b,room_tour1,6,683,726,769,812,318
5,gemma4:e4b,room_tour1,6,738,781,824,867,484
10,gemma4:e4b,room_tour1,6,818,861,904,947,695
15,gemma4:e4b,room_tour1,6,881,924,967,1010,913
20,gemma4:e4b,room_tour1,6,964,1007,1050,1093,1133
25,gemma4:e4b,room_tour1,6,1027,1070,1113,1156,1350
30,gemma4:e4b,room_tour1,6,1112,1155,1198,1241,1570
1,gemma4:e2b,room_cluttered,6,709,752,795,838,318
5,gemma4:e2b,room_cluttered,6,765,808,851,894,487
10,gemma4:e2b,room_cluttered,6,845,888,931,974,695
15,gemma4:e2b,room_cluttered,6,907,950,993,1036,915
20,gemma4:e2b,room_cluttered,6,992,1035,1078,1121,1138
25,gemma4:e2b,room_cluttered,6,1057,1100,1143,1186,1358
30,gemma4:e2b,room_cluttered,6,1142,1185,1228,1271,1579
1,gemma4:e2b,room_loft,6,698,741,784,827,318
5,gemma4:e2b,room_loft,6,753,796,839,882,484
10,gemma4:e2b,room_loft,6,833,876,919,962,695
15,gemma4:e2b,room_loft,6,896,939,982,1025,913
20,gemma4:e2b,room_loft,6,979,1022,1065,1108,1133
25,gemma4:e2b,room_loft,6,1042,1085,1128,1171,1350
30,gemma4:e2b,room_loft,6,1127,1170,1213,1256,1570
1,gemma4:e2b,room_studio,6,669,712,755,798,318
5,gemma4:e2b,room_studio,6,725,768,811,854,484
10,gemma4:e2b,room_studio,6,805,848,891,934,696
15,gemma4:e2b,room_studio,6,869,912,955,998,916
20,gemma4:e2b,room_studio,6,951,994,1037,1080,1136
25,gemma4:e2b,room_studio,6,1017,1060,1103,1146,1356
30,gemma4:e2b,room_studio,6,1100,1143,1186,1229,1576
1,gemma4:e2b,room_tour1,6,683,726,769,812,318
5,gemma4:e2b,room_tour1,6,738,781,824,867,484
10,gemma4:e2b,room_tour1,6,818,861,904,947,695
15,gemma4:e2b,room_tour1,6,881,924,967,1010,913
20,gemma4:e2b,room_tour1,6,964,1007,1050,1093,1133
25,gemma4:e2b,room_tour1,6,1027,1070,1113,1156,1350
30,gemma4:e2b,room_tour1,6,1112,1155,1198,1241,1570
