case,rep,status,hop_sonar_mm,sonar_after_mm,moved_s,gap_cm,pass,sonar_miss
"box square-on, start 50 cm",1,sonar_stop,269,203,1.5,190.0,True,False
"box square-on, start 50 cm",2,sonar_stop,269,231,1.3,210.0,True,False
"box square-on, start 50 cm",3,sonar_stop,267,211,1.3,210.0,True,False
"box square-on, start 30 cm",1,sonar_stop,278,239,0.43,220.0,True,False
"box square-on, start 30 cm",2,sonar_stop,294,291,0.06,291.0,True,False
"box square-on, start 30 cm",3,sonar_stop,276,237,0.48,220.0,True,False
"box square-on, start 20 cm",1,sonar_stop,202,184,0.12,180.0,True,False
"box square-on, start 20 cm",2,sonar_stop,205,203,0.06,200.0,True,False
"box square-on, start 20 cm",3,sonar_stop,203,200,0.06,199.0,True,False
box 30 deg off-axis,2,sonar_stop,203,1097,0.04,210.0,True,False
box 30 deg off-axis,3,sonar_stop,171,875,0.55,80.0,True,False
chair leg,1,sonar_stop,275,426,1.95,426.0,True,False
wall,1,sonar_stop,282,206,1.51,200.0,True,False
wall,2,sonar_stop,286,218,1.46,200.0,True,False
wall,3,sonar_stop,270,206,1.68,200.0,True,False
